<?xml version='1.0' encoding='UTF-8' standalone='no'?>
<doxygen xmlns:xsi="http://www.w3.org/2001/XMLSchema-instance" xsi:noNamespaceSchemaLocation="compound.xsd" version="1.8.6">
  <compounddef id="dir_c97f1555ef3f17663b709bf9e68ff641" kind="dir">
    <compoundname>E:/Work/Courses/MemoryLeaks/Code/String</compoundname>
    <innerdir refid="dir_529ecf2be49f01192c20daf05d971aae">E:/Work/Courses/MemoryLeaks/Code/String/String</innerdir>
    <briefdescription>
    </briefdescription>
    <detaileddescription>
    </detaileddescription>
    <location file="E:/Work/Courses/MemoryLeaks/Code/String/"/>
  </compounddef>
</doxygen>
