<?xml version='1.0' encoding='UTF-8' standalone='no'?>
<doxygen xmlns:xsi="http://www.w3.org/2001/XMLSchema-instance" xsi:noNamespaceSchemaLocation="compound.xsd" version="1.8.6">
  <compounddef id="dir_1a867e0fcb0096465910e462d0be7237" kind="dir">
    <compoundname>E:/Work/Courses</compoundname>
    <innerdir refid="dir_1d44f11a909817f966a660a15db18235">E:/Work/Courses/MemoryLeaks</innerdir>
    <briefdescription>
    </briefdescription>
    <detaileddescription>
    </detaileddescription>
    <location file="E:/Work/Courses/"/>
  </compounddef>
</doxygen>
