<?xml version='1.0' encoding='UTF-8' standalone='no'?>
<doxygen xmlns:xsi="http://www.w3.org/2001/XMLSchema-instance" xsi:noNamespaceSchemaLocation="compound.xsd" version="1.8.6">
  <compounddef id="dir_bf3903ff78e7bbf9f271def1bfe6db6a" kind="dir">
    <compoundname>E:/Work</compoundname>
    <innerdir refid="dir_1a867e0fcb0096465910e462d0be7237">E:/Work/Courses</innerdir>
    <briefdescription>
    </briefdescription>
    <detaileddescription>
    </detaileddescription>
    <location file="E:/Work/"/>
  </compounddef>
</doxygen>
