<?xml version='1.0' encoding='UTF-8' standalone='no'?>
<doxygen xmlns:xsi="http://www.w3.org/2001/XMLSchema-instance" xsi:noNamespaceSchemaLocation="compound.xsd" version="1.8.6">
  <compounddef id="_string_8cpp" kind="file">
    <compoundname>String.cpp</compoundname>
    <includes refid="_string_8h" local="yes">String.h</includes>
    <incdepgraph>
      <node id="6">
        <label>E:/Work/Courses/MemoryLeaks/Code/String/String/String.cpp</label>
        <link refid="String.cpp"/>
        <childnode refid="7" relation="include">
        </childnode>
      </node>
      <node id="8">
        <label>stdexcept</label>
      </node>
      <node id="7">
        <label>String.h</label>
        <link refid="_string_8h"/>
        <childnode refid="8" relation="include">
        </childnode>
      </node>
    </incdepgraph>
    <briefdescription>
    </briefdescription>
    <detaileddescription>
    </detaileddescription>
    <programlisting>
<codeline lineno="1"><highlight class="preprocessor">#include<sp/>&quot;<ref refid="_string_8h" kindref="compound">String.h</ref>&quot;</highlight><highlight class="normal"></highlight></codeline>
<codeline lineno="2"><highlight class="normal"></highlight></codeline>
<codeline lineno="3"><highlight class="normal"></highlight></codeline>
<codeline lineno="4"><highlight class="normal"></highlight></codeline>
<codeline lineno="5" refid="class_string_1a8a7ef356e05eb9b1ea1ab518baee3095" refkind="member"><highlight class="normal"><ref refid="class_string_1a8a7ef356e05eb9b1ea1ab518baee3095" kindref="member">String::String</ref>()</highlight></codeline>
<codeline lineno="6"><highlight class="normal">{</highlight></codeline>
<codeline lineno="7"><highlight class="normal"><sp/><sp/><sp/><sp/><ref refid="class_string_1a2241ae057d9e6c8a81797c562b5b8aa4" kindref="member">m_Length</ref><sp/>=<sp/>0<sp/>;</highlight></codeline>
<codeline lineno="8"><highlight class="normal"><sp/><sp/><sp/><sp/><ref refid="class_string_1aaaa066e4011f1dcab7caf899bd3714c1" kindref="member">m_pBuffer</ref><sp/>=<sp/></highlight><highlight class="keyword">new</highlight><highlight class="normal"><sp/></highlight><highlight class="keywordtype">char</highlight><highlight class="normal">[1]{</highlight><highlight class="charliteral">&apos;\0&apos;</highlight><highlight class="normal">}<sp/>;</highlight></codeline>
<codeline lineno="9"><highlight class="normal">}</highlight></codeline>
<codeline lineno="10"><highlight class="normal"></highlight></codeline>
<codeline lineno="11"><highlight class="normal"></highlight></codeline>
<codeline lineno="12"><highlight class="normal"></highlight></codeline>
<codeline lineno="13" refid="class_string_1acbc2adfb0ed88f250419919fed8929b4" refkind="member"><highlight class="normal"><ref refid="class_string_1a8a7ef356e05eb9b1ea1ab518baee3095" kindref="member">String::String</ref>(</highlight><highlight class="keyword">const</highlight><highlight class="normal"><sp/></highlight><highlight class="keywordtype">char</highlight><highlight class="normal">*<sp/>pstr)<sp/>{</highlight></codeline>
<codeline lineno="14"><highlight class="normal"><sp/><sp/><sp/><sp/><ref refid="class_string_1a3221521ea952d652fb36a5a3c7ccd5b5" kindref="member">Allocate</ref>(pstr);</highlight></codeline>
<codeline lineno="15"><highlight class="normal">}</highlight></codeline>
<codeline lineno="16"><highlight class="normal"></highlight></codeline>
<codeline lineno="17" refid="class_string_1a3221521ea952d652fb36a5a3c7ccd5b5" refkind="member"><highlight class="normal"></highlight><highlight class="keywordtype">void</highlight><highlight class="normal"><sp/><ref refid="class_string_1a3221521ea952d652fb36a5a3c7ccd5b5" kindref="member">String::Allocate</ref>(</highlight><highlight class="keyword">const</highlight><highlight class="normal"><sp/></highlight><highlight class="keywordtype">char</highlight><highlight class="normal"><sp/>*<sp/>pstr)</highlight></codeline>
<codeline lineno="18"><highlight class="normal">{</highlight></codeline>
<codeline lineno="19"><highlight class="normal"><sp/><sp/><sp/><sp/><ref refid="class_string_1a2241ae057d9e6c8a81797c562b5b8aa4" kindref="member">m_Length</ref><sp/>=<sp/>strlen(pstr);</highlight></codeline>
<codeline lineno="20"><highlight class="normal"><sp/><sp/><sp/><sp/><ref refid="class_string_1aaaa066e4011f1dcab7caf899bd3714c1" kindref="member">m_pBuffer</ref><sp/>=<sp/></highlight><highlight class="keyword">new</highlight><highlight class="normal"><sp/></highlight><highlight class="keywordtype">char</highlight><highlight class="normal">[<ref refid="class_string_1a2241ae057d9e6c8a81797c562b5b8aa4" kindref="member">m_Length</ref>];</highlight></codeline>
<codeline lineno="21"><highlight class="normal"><sp/><sp/><sp/><sp/>strcpy(<ref refid="class_string_1aaaa066e4011f1dcab7caf899bd3714c1" kindref="member">m_pBuffer</ref>,<sp/>pstr);</highlight></codeline>
<codeline lineno="22"><highlight class="normal">}</highlight></codeline>
<codeline lineno="23"><highlight class="normal"></highlight></codeline>
<codeline lineno="24" refid="class_string_1afc158dffcdf56e601bd640cbacdfcd3c" refkind="member"><highlight class="normal"><ref refid="class_string_1a8a7ef356e05eb9b1ea1ab518baee3095" kindref="member">String::String</ref>(</highlight><highlight class="keyword">const</highlight><highlight class="normal"><sp/><ref refid="class_string" kindref="compound">String</ref>&amp;<sp/>other)<sp/>{</highlight></codeline>
<codeline lineno="25"><highlight class="normal"><sp/><sp/><sp/><sp/><ref refid="class_string_1a3221521ea952d652fb36a5a3c7ccd5b5" kindref="member">Allocate</ref>(other.<ref refid="class_string_1acfbdfc602a3e2e725bec7459737e6273" kindref="member">GetString</ref>())<sp/>;</highlight></codeline>
<codeline lineno="26"><highlight class="normal">}</highlight></codeline>
<codeline lineno="27"><highlight class="normal"></highlight></codeline>
<codeline lineno="28" refid="class_string_1a734f34a0b7a42bcad30c368d6e8c5469" refkind="member"><highlight class="normal"><ref refid="class_string" kindref="compound">String</ref>&amp;<sp/><ref refid="class_string_1a734f34a0b7a42bcad30c368d6e8c5469" kindref="member">String::operator=</ref>(</highlight><highlight class="keyword">const</highlight><highlight class="normal"><sp/><ref refid="class_string" kindref="compound">String</ref>&amp;<sp/>other)<sp/>{</highlight></codeline>
<codeline lineno="29"><highlight class="normal"><sp/><sp/><sp/><sp/></highlight><highlight class="keywordflow">if</highlight><highlight class="normal">(</highlight><highlight class="keyword">this</highlight><highlight class="normal"><sp/>!=<sp/>&amp;other)<sp/>{</highlight></codeline>
<codeline lineno="30"><highlight class="normal"><sp/><sp/><sp/><sp/><sp/><sp/><sp/><sp/><ref refid="class_string_1a3221521ea952d652fb36a5a3c7ccd5b5" kindref="member">Allocate</ref>(other.<ref refid="class_string_1acfbdfc602a3e2e725bec7459737e6273" kindref="member">GetString</ref>())<sp/>;</highlight></codeline>
<codeline lineno="31"><highlight class="normal"><sp/><sp/><sp/><sp/>}</highlight></codeline>
<codeline lineno="32"><highlight class="normal"><sp/><sp/><sp/><sp/></highlight><highlight class="keywordflow">return</highlight><highlight class="normal"><sp/>*this<sp/>;</highlight></codeline>
<codeline lineno="33"><highlight class="normal">}</highlight></codeline>
<codeline lineno="34"><highlight class="normal"></highlight></codeline>
<codeline lineno="35" refid="class_string_1a8752005737b3df3aaf54302405311f31" refkind="member"><highlight class="normal"><ref refid="class_string" kindref="compound">String</ref><sp/><ref refid="class_string_1a8752005737b3df3aaf54302405311f31" kindref="member">String::operator+</ref>(</highlight><highlight class="keyword">const</highlight><highlight class="normal"><sp/><ref refid="class_string" kindref="compound">String</ref>&amp;<sp/>other)</highlight><highlight class="keyword"><sp/>const<sp/></highlight><highlight class="normal">{</highlight></codeline>
<codeline lineno="36"><highlight class="normal"><sp/><sp/><sp/><sp/><ref refid="class_string" kindref="compound">String</ref><sp/>temp{*</highlight><highlight class="keyword">this</highlight><highlight class="normal">}<sp/>;</highlight></codeline>
<codeline lineno="37"><highlight class="normal"><sp/><sp/><sp/><sp/>temp<sp/>+=<sp/>other<sp/>;</highlight></codeline>
<codeline lineno="38"><highlight class="normal"><sp/><sp/><sp/><sp/></highlight><highlight class="keywordflow">return</highlight><highlight class="normal"><sp/>temp<sp/>;</highlight></codeline>
<codeline lineno="39"><highlight class="normal">}</highlight></codeline>
<codeline lineno="40"><highlight class="normal"></highlight></codeline>
<codeline lineno="41" refid="class_string_1ac40b2a3fb58c2d8556f5e6ff73510036" refkind="member"><highlight class="normal"><ref refid="class_string_1ac40b2a3fb58c2d8556f5e6ff73510036" kindref="member">String::~String</ref>(){</highlight></codeline>
<codeline lineno="42"><highlight class="normal"><sp/><sp/><sp/><sp/></highlight><highlight class="comment">//delete<sp/>[]m_pBuffer<sp/>;</highlight><highlight class="normal"></highlight></codeline>
<codeline lineno="43"><highlight class="normal">}</highlight></codeline>
<codeline lineno="44" refid="class_string_1ab84728b14cac3bc213351c8ae8fb3364" refkind="member"><highlight class="normal"><ref refid="class_string" kindref="compound">String</ref>&amp;<sp/><ref refid="class_string_1ab84728b14cac3bc213351c8ae8fb3364" kindref="member">String::operator+=</ref>(</highlight><highlight class="keyword">const</highlight><highlight class="normal"><sp/><ref refid="class_string" kindref="compound">String</ref>&amp;<sp/>other)<sp/>{</highlight></codeline>
<codeline lineno="45"><highlight class="normal"><sp/><sp/><sp/><sp/><ref refid="class_string_1a9614103eb9ecb9bcd7fd3132c719685b" kindref="member">Append</ref>(other.<ref refid="class_string_1acfbdfc602a3e2e725bec7459737e6273" kindref="member">GetString</ref>())<sp/>;</highlight></codeline>
<codeline lineno="46"><highlight class="normal"><sp/><sp/><sp/><sp/></highlight><highlight class="keywordflow">return</highlight><highlight class="normal"><sp/>*</highlight><highlight class="keyword">this</highlight><highlight class="normal">;<sp/></highlight></codeline>
<codeline lineno="47"><highlight class="normal">}</highlight></codeline>
<codeline lineno="48"><highlight class="normal"></highlight></codeline>
<codeline lineno="49" refid="class_string_1af2e1d58adfaabaa1bb7223771755e98c" refkind="member"><highlight class="normal"></highlight><highlight class="keywordtype">void</highlight><highlight class="normal"><sp/><ref refid="class_string_1af2e1d58adfaabaa1bb7223771755e98c" kindref="member">String::Insert</ref>(</highlight><highlight class="keyword">const</highlight><highlight class="normal"><sp/></highlight><highlight class="keywordtype">char</highlight><highlight class="normal">*<sp/>pStr,<sp/></highlight><highlight class="keywordtype">size_t</highlight><highlight class="normal"><sp/>position)<sp/>{</highlight></codeline>
<codeline lineno="50"><highlight class="normal"><sp/><sp/><sp/><sp/></highlight><highlight class="keywordflow">if</highlight><highlight class="normal">(position<sp/>&gt;<sp/><ref refid="class_string_1a2241ae057d9e6c8a81797c562b5b8aa4" kindref="member">m_Length</ref>)<sp/>{</highlight></codeline>
<codeline lineno="51"><highlight class="normal"><sp/><sp/><sp/><sp/><sp/><sp/><sp/><sp/></highlight><highlight class="keywordflow">throw</highlight><highlight class="normal"><sp/>std::runtime_error{</highlight><highlight class="stringliteral">&quot;Index<sp/>out<sp/>of<sp/>bounds&quot;</highlight><highlight class="normal">}<sp/>;</highlight></codeline>
<codeline lineno="52"><highlight class="normal"><sp/><sp/><sp/><sp/>}</highlight></codeline>
<codeline lineno="53"><highlight class="normal"><sp/><sp/><sp/><sp/></highlight><highlight class="keywordtype">size_t</highlight><highlight class="normal"><sp/>totalLength<sp/>=<sp/>strlen(pStr)<sp/>+<sp/><ref refid="class_string_1a2241ae057d9e6c8a81797c562b5b8aa4" kindref="member">m_Length</ref><sp/>;</highlight></codeline>
<codeline lineno="54"><highlight class="normal"><sp/><sp/><sp/><sp/></highlight><highlight class="keywordtype">char</highlight><highlight class="normal"><sp/>*pTemp<sp/>=<sp/></highlight><highlight class="keyword">new</highlight><highlight class="normal"><sp/></highlight><highlight class="keywordtype">char</highlight><highlight class="normal">[totalLength]{}<sp/>;</highlight></codeline>
<codeline lineno="55"><highlight class="normal"><sp/><sp/><sp/><sp/></highlight><highlight class="keywordflow">if</highlight><highlight class="normal">(position<sp/>==<sp/>0)<sp/>{</highlight></codeline>
<codeline lineno="56"><highlight class="normal"><sp/><sp/><sp/><sp/><sp/><sp/><sp/><sp/>strcpy(pTemp,<sp/>pStr)<sp/>;</highlight></codeline>
<codeline lineno="57"><highlight class="normal"><sp/><sp/><sp/><sp/><sp/><sp/><sp/><sp/>strcat(pTemp,<sp/><ref refid="class_string_1aaaa066e4011f1dcab7caf899bd3714c1" kindref="member">m_pBuffer</ref>)<sp/>;</highlight></codeline>
<codeline lineno="58"><highlight class="normal"><sp/><sp/><sp/><sp/>}</highlight><highlight class="keywordflow">else</highlight><highlight class="normal"><sp/></highlight><highlight class="keywordflow">if</highlight><highlight class="normal">(position<sp/>&lt;<sp/><ref refid="class_string_1a2241ae057d9e6c8a81797c562b5b8aa4" kindref="member">m_Length</ref>)<sp/>{</highlight></codeline>
<codeline lineno="59"><highlight class="normal"><sp/><sp/><sp/><sp/><sp/><sp/><sp/><sp/>strncpy(pTemp,<sp/><ref refid="class_string_1aaaa066e4011f1dcab7caf899bd3714c1" kindref="member">m_pBuffer</ref>,<sp/>position)<sp/>;</highlight></codeline>
<codeline lineno="60"><highlight class="normal"><sp/><sp/><sp/><sp/><sp/><sp/><sp/><sp/>strcat(pTemp,<sp/>pStr)<sp/>;</highlight></codeline>
<codeline lineno="61"><highlight class="normal"><sp/><sp/><sp/><sp/><sp/><sp/><sp/><sp/>strcat(pTemp,<sp/>&amp;<ref refid="class_string_1aaaa066e4011f1dcab7caf899bd3714c1" kindref="member">m_pBuffer</ref>[position])<sp/>;</highlight></codeline>
<codeline lineno="62"><highlight class="normal"><sp/><sp/><sp/><sp/>}</highlight><highlight class="keywordflow">else</highlight><highlight class="normal"><sp/></highlight><highlight class="keywordflow">if</highlight><highlight class="normal">(position<sp/>==<sp/><ref refid="class_string_1a2241ae057d9e6c8a81797c562b5b8aa4" kindref="member">m_Length</ref>)<sp/>{</highlight></codeline>
<codeline lineno="63"><highlight class="normal"><sp/><sp/><sp/><sp/><sp/><sp/><sp/><sp/>strcpy(pTemp,<sp/><ref refid="class_string_1aaaa066e4011f1dcab7caf899bd3714c1" kindref="member">m_pBuffer</ref>)<sp/>;</highlight></codeline>
<codeline lineno="64"><highlight class="normal"><sp/><sp/><sp/><sp/><sp/><sp/><sp/><sp/>strcat(pTemp,<sp/>pStr)<sp/>;</highlight></codeline>
<codeline lineno="65"><highlight class="normal"><sp/><sp/><sp/><sp/>}</highlight></codeline>
<codeline lineno="66"><highlight class="normal"><sp/><sp/><sp/><sp/><ref refid="class_string_1aaaa066e4011f1dcab7caf899bd3714c1" kindref="member">m_pBuffer</ref><sp/>=<sp/>pTemp<sp/>;</highlight></codeline>
<codeline lineno="67"><highlight class="normal"><sp/><sp/><sp/><sp/><ref refid="class_string_1a2241ae057d9e6c8a81797c562b5b8aa4" kindref="member">m_Length</ref><sp/>=<sp/>totalLength<sp/>;</highlight></codeline>
<codeline lineno="68"><highlight class="normal">}</highlight></codeline>
<codeline lineno="69"><highlight class="normal"></highlight><highlight class="comment">/*</highlight></codeline>
<codeline lineno="70"><highlight class="comment"><sp/>*<sp/>String<sp/>-&gt;Hello</highlight></codeline>
<codeline lineno="71"><highlight class="comment"><sp/>*<sp/>Raw<sp/>Str-&gt;Bye</highlight></codeline>
<codeline lineno="72"><highlight class="comment"><sp/>*/</highlight><highlight class="normal"></highlight></codeline>
<codeline lineno="73"><highlight class="normal"></highlight></codeline>
<codeline lineno="74" refid="class_string_1a9614103eb9ecb9bcd7fd3132c719685b" refkind="member"><highlight class="normal"></highlight><highlight class="keywordtype">void</highlight><highlight class="normal"><sp/><ref refid="class_string_1a9614103eb9ecb9bcd7fd3132c719685b" kindref="member">String::Append</ref>(</highlight><highlight class="keyword">const</highlight><highlight class="normal"><sp/></highlight><highlight class="keywordtype">char</highlight><highlight class="normal">*<sp/>pStr)<sp/>{</highlight></codeline>
<codeline lineno="75"><highlight class="normal"><sp/><sp/><sp/><sp/><ref refid="class_string_1af2e1d58adfaabaa1bb7223771755e98c" kindref="member">Insert</ref>(pStr,<sp/><ref refid="class_string_1a2241ae057d9e6c8a81797c562b5b8aa4" kindref="member">m_Length</ref>)<sp/>;</highlight></codeline>
<codeline lineno="76"><highlight class="normal">}</highlight></codeline>
<codeline lineno="77"><highlight class="normal"></highlight></codeline>
<codeline lineno="78" refid="class_string_1ae92a73ef9b92b0d49abbef6bb954f8fd" refkind="member"><highlight class="normal"></highlight><highlight class="keywordtype">void</highlight><highlight class="normal"><sp/><ref refid="class_string_1ae92a73ef9b92b0d49abbef6bb954f8fd" kindref="member">String::Assign</ref>(</highlight><highlight class="keyword">const</highlight><highlight class="normal"><sp/></highlight><highlight class="keywordtype">char</highlight><highlight class="normal">*<sp/>pStr)<sp/>{</highlight></codeline>
<codeline lineno="79"><highlight class="normal"><sp/><sp/><sp/><sp/><ref refid="class_string_1a3221521ea952d652fb36a5a3c7ccd5b5" kindref="member">Allocate</ref>(pStr)<sp/>;</highlight></codeline>
<codeline lineno="80"><highlight class="normal">}</highlight></codeline>
    </programlisting>
    <location file="E:/Work/Courses/MemoryLeaks/Code/String/String/String.cpp"/>
  </compounddef>
</doxygen>
