<?xml version='1.0' encoding='UTF-8' standalone='no'?>
<doxygen xmlns:xsi="http://www.w3.org/2001/XMLSchema-instance" xsi:noNamespaceSchemaLocation="compound.xsd" version="1.8.6">
  <compounddef id="dir_1d44f11a909817f966a660a15db18235" kind="dir">
    <compoundname>E:/Work/Courses/MemoryLeaks</compoundname>
    <innerdir refid="dir_ada0fb1cd3b2e4a5735e477c510c7a0e">E:/Work/Courses/MemoryLeaks/Code</innerdir>
    <briefdescription>
    </briefdescription>
    <detaileddescription>
    </detaileddescription>
    <location file="E:/Work/Courses/MemoryLeaks/"/>
  </compounddef>
</doxygen>
