<?xml version='1.0' encoding='UTF-8' standalone='no'?>
<doxygen xmlns:xsi="http://www.w3.org/2001/XMLSchema-instance" xsi:noNamespaceSchemaLocation="compound.xsd" version="1.8.6">
  <compounddef id="dir_885cc87fac2d91e269af0a5a959fa5f6" kind="dir">
    <compoundname>E:</compoundname>
    <innerdir refid="dir_bf3903ff78e7bbf9f271def1bfe6db6a">E:/Work</innerdir>
    <briefdescription>
    </briefdescription>
    <detaileddescription>
    </detaileddescription>
    <location file="E:/"/>
  </compounddef>
</doxygen>
